{
  "skillOverflowMultipliers": {
    "enchanting": 6.3207,
    "taming": 9.2003,
    "alchemy": 4.1641,
    "mining": 77.2840,
    "farming": 123.5962,
    "foraging": 163.0884,
    "combat": 227.5907,
    "fishing": 504.2361
  },
  "skillFactors": {
    "enchanting": 0.8970917856434051,
    "taming": 0.9038421238097485,
    "alchemy": 0.88836322872987277,
    "mining": 0.929383683888072,
    "farming": 0.9329795030275141,
    "foraging": 0.9348318885884501,
    "combat": 0.9368106217543707,
    "fishing": 0.9401081007640278
  },
  "skillRatioWeight": {
    "enchanting": [
      0,
      0.025,
      0.05,
      0.075,
      0.1,
      0.125,
      0.15,
      0.175,
      0.2,
      0.225,
      0.25,
      0.275,
      0.3,
      0.325,
      0.35,
      0.375,
      0.4,
      0.425,
      0.45,
      0.475,
      0.5,
      0.525,
      0.55,
      0.575,
      0.6,
      0.625,
      0.65,
      0.675,
      0.7,
      0.725,
      0.75,
      0.775,
      0.8,
      0.825,
      0.85,
      0.875,
      0.9,
      0.925,
      0.95,
      0.975,
      1.0,
      1.025,
      1.05,
      1.075,
      1.1,
      1.125,
      1.15,
      1.175,
      1.2,
      1.225,
      1.25,
      1.28125,
      1.3125,
      1.34375,
      1.375,
      1.40625,
      1.4375,
      1.46875,
      1.5,
      1.53125,
      1.5625,
      40
    ],
    "taming": [
      0,
      0.025,
      0.05,
      0.075,
      0.1,
      0.125,
      0.15,
      0.175,
      0.2,
      0.225,
      0.25,
      0.275,
      0.3,
      0.325,
      0.35,
      0.375,
      0.4,
      0.425,
      0.45,
      0.475,
      0.5,
      0.525,
      0.55,
      0.575,
      0.6,
      0.625,
      0.65,
      0.675,
      0.7,
      0.725,
      0.75,
      0.775,
      0.8,
      0.825,
      0.85,
      0.875,
      0.9,
      0.925,
      0.95,
      0.975,
      1.0,
      1.025,
      1.05,
      1.075,
      1.1,
      1.125,
      1.15,
      1.175,
      1.2,
      1.225,
      1.25,
      1.28125,
      1.3125,
      1.34375,
      1.375,
      1.40625,
      1.4375,
      1.46875,
      1.5,
      1.53125,
      1.5625,
      45
    ],
    "alchemy": [
      0,
      0.025,
      0.05,
      0.075,
      0.1,
      0.125,
      0.15,
      0.175,
      0.2,
      0.225,
      0.25,
      0.275,
      0.3,
      0.325,
      0.35,
      0.375,
      0.4,
      0.425,
      0.45,
      0.475,
      0.5,
      0.525,
      0.55,
      0.575,
      0.6,
      0.625,
      0.65,
      0.675,
      0.7,
      0.725,
      0.75,
      0.775,
      0.8,
      0.825,
      0.85,
      0.875,
      0.9,
      0.925,
      0.95,
      0.975,
      1.0,
      1.025,
      1.05,
      1.075,
      1.1,
      1.125,
      1.15,
      1.175,
      1.2,
      1.225,
      1.25,
      1.28125,
      1.3125,
      1.34375,
      1.375,
      1.40625,
      1.4375,
      1.46875,
      1.5,
      1.53125,
      1.5625,
      50
    ],
    "mining": [
      0,
      0.025,
      0.05,
      0.075,
      0.1,
      0.125,
      0.15,
      0.175,
      0.2,
      0.225,
      0.25,
      0.275,
      0.3,
      0.325,
      0.35,
      0.375,
      0.4,
      0.425,
      0.45,
      0.475,
      0.5,
      0.525,
      0.55,
      0.575,
      0.6,
      0.625,
      0.65,
      0.675,
      0.7,
      0.725,
      0.75,
      0.775,
      0.8,
      0.825,
      0.85,
      0.875,
      0.9,
      0.925,
      0.95,
      0.975,
      1.0,
      1.025,
      1.05,
      1.075,
      1.1,
      1.125,
      1.15,
      1.175,
      1.2,
      1.225,
      1.25,
      1.28125,
      1.3125,
      1.34375,
      1.375,
      1.40625,
      1.4375,
      1.46875,
      1.5,
      1.53125,
      1.5625,
      80
    ],
    "farming": [
      0,
      0.025,
      0.05,
      0.075,
      0.1,
      0.125,
      0.15,
      0.175,
      0.2,
      0.225,
      0.25,
      0.275,
      0.3,
      0.325,
      0.35,
      0.375,
      0.4,
      0.425,
      0.45,
      0.475,
      0.5,
      0.525,
      0.55,
      0.575,
      0.6,
      0.625,
      0.65,
      0.675,
      0.7,
      0.725,
      0.75,
      0.775,
      0.8,
      0.825,
      0.85,
      0.875,
      0.9,
      0.925,
      0.95,
      0.975,
      1.0,
      1.025,
      1.05,
      1.075,
      1.1,
      1.125,
      1.15,
      1.175,
      1.2,
      1.225,
      1.25,
      1.28125,
      1.3125,
      1.34375,
      1.375,
      1.40625,
      1.4375,
      1.46875,
      1.5,
      1.53125,
      1.5625,
      85
    ],
    "foraging": [
      0,
      0.025,
      0.05,
      0.075,
      0.1,
      0.125,
      0.15,
      0.175,
      0.2,
      0.225,
      0.25,
      0.275,
      0.3,
      0.325,
      0.35,
      0.375,
      0.4,
      0.425,
      0.45,
      0.475,
      0.5,
      0.525,
      0.55,
      0.575,
      0.6,
      0.625,
      0.65,
      0.675,
      0.7,
      0.725,
      0.75,
      0.775,
      0.8,
      0.825,
      0.85,
      0.875,
      0.9,
      0.925,
      0.95,
      0.975,
      1.0,
      1.025,
      1.05,
      1.075,
      1.1,
      1.125,
      1.15,
      1.175,
      1.2,
      1.225,
      1.25,
      1.28125,
      1.3125,
      1.34375,
      1.375,
      1.40625,
      1.4375,
      1.46875,
      1.5,
      1.53125,
      1.5625,
      95
    ],
    "combat": [
      0,
      0.025,
      0.05,
      0.075,
      0.1,
      0.125,
      0.15,
      0.175,
      0.2,
      0.225,
      0.25,
      0.275,
      0.3,
      0.325,
      0.35,
      0.375,
      0.4,
      0.425,
      0.45,
      0.475,
      0.5,
      0.525,
      0.55,
      0.575,
      0.6,
      0.625,
      0.65,
      0.675,
      0.7,
      0.725,
      0.75,
      0.775,
      0.8,
      0.825,
      0.85,
      0.875,
      0.9,
      0.925,
      0.95,
      0.975,
      1.0,
      1.025,
      1.05,
      1.075,
      1.1,
      1.125,
      1.15,
      1.175,
      1.2,
      1.225,
      1.25,
      1.28125,
      1.3125,
      1.34375,
      1.375,
      1.40625,
      1.4375,
      1.46875,
      1.5,
      1.53125,
      1.5625,
      95
    ],
    "fishing": [
      0,
      0.025,
      0.05,
      0.075,
      0.1,
      0.125,
      0.15,
      0.175,
      0.2,
      0.225,
      0.25,
      0.275,
      0.3,
      0.325,
      0.35,
      0.375,
      0.4,
      0.425,
      0.45,
      0.475,
      0.5,
      0.525,
      0.55,
      0.575,
      0.6,
      0.625,
      0.65,
      0.675,
      0.7,
      0.725,
      0.75,
      0.775,
      0.8,
      0.825,
      0.85,
      0.875,
      0.9,
      0.925,
      0.95,
      0.975,
      1.0,
      1.025,
      1.05,
      1.075,
      1.1,
      1.125,
      1.15,
      1.175,
      1.2,
      1.225,
      1.25,
      1.28125,
      1.3125,
      1.34375,
      1.375,
      1.40625,
      1.4375,
      1.46875,
      1.5,
      1.53125,
      1.5625,
      100
    ]
  },
  "slayerDeprecationScaling": {
    "rev": 0.82030106128,
    "tara": 0.8248013266,
    "sven": 0.83460185724,
    "enderman": 0.8507026532
  },
  "dungeonCompletionWorth": {
    "catacombs_0": 0.0827,
    "catacombs_1": 2.1034,
    "catacombs_2": 4.5966,
    "catacombs_3": 7.9383,
    "catacombs_4": 13.4018,
    "catacombs_5": 23.1071,
    "catacombs_6": 43.7857,
    "catacombs_7": 63.3437,
    "master_catacombs_1": 24,
    "master_catacombs_2": 33.5,
    "master_catacombs_3": 46.575,
    "master_catacombs_4": 81.9553,
    "master_catacombs_5": 99.6368,
    "master_catacombs_6": 154.4188
  },
  "dungeonCompletionBuffs": {
    "1": 125,
    "2": 250,
    "3": 450,
    "4": 775,
    "5": 1000,
    "6": 1400,
    "7": 1750
  }
}